tanggal,source_id,provider,success,base_weight,health_factor,effective_base_weight,points_collected,target_points,payload_saved_path,error
27-04-2026,BMKG,BMKG,yes,1.35,1.0,1.35,5,5,c:\Users\itsme\Documents\Codex\2026-04-26\import-csv-import-json-import-math\raw_payloads\bmkg_20260427_20260426_164007.json,
27-04-2026,CMA,Open-Meteo / CMA GRAPES,yes,0.85,1.0,0.85,5,5,c:\Users\itsme\Documents\Codex\2026-04-26\import-csv-import-json-import-math\raw_payloads\cma_20260427_20260426_164007.json,
27-04-2026,ECMWF,Open-Meteo / ECMWF,yes,1.2,1.0,1.2,5,5,c:\Users\itsme\Documents\Codex\2026-04-26\import-csv-import-json-import-math\raw_payloads\ecmwf_20260427_20260426_164007.json,
27-04-2026,GFS,Open-Meteo / NOAA GFS,yes,1.0,1.0,1.0,5,5,c:\Users\itsme\Documents\Codex\2026-04-26\import-csv-import-json-import-math\raw_payloads\gfs_20260427_20260426_164007.json,
27-04-2026,ICON,Open-Meteo / DWD ICON,yes,1.05,1.0,1.05,5,5,c:\Users\itsme\Documents\Codex\2026-04-26\import-csv-import-json-import-math\raw_payloads\icon_20260427_20260426_164007.json,
27-04-2026,KMA,Open-Meteo / KMA,yes,0.9,1.0,0.9,5,5,c:\Users\itsme\Documents\Codex\2026-04-26\import-csv-import-json-import-math\raw_payloads\kma_20260427_20260426_164007.json,
27-04-2026,METEOFRANCE,Open-Meteo / Meteo-France,yes,1.1,1.0,1.1,5,5,c:\Users\itsme\Documents\Codex\2026-04-26\import-csv-import-json-import-math\raw_payloads\meteofrance_20260427_20260426_164007.json,
27-04-2026,METNO,MET Norway,yes,1.0,1.0,1.0,5,5,c:\Users\itsme\Documents\Codex\2026-04-26\import-csv-import-json-import-math\raw_payloads\metno_20260427_20260426_164009.json,
27-04-2026,UKMO,Open-Meteo / UK Met Office,yes,0.95,1.0,0.95,5,5,c:\Users\itsme\Documents\Codex\2026-04-26\import-csv-import-json-import-math\raw_payloads\ukmo_20260427_20260426_164007.json,
